Utility,Year,Month,Zip Code,Collections Accounts Customer Count
Avista,2025,1,98620,2
Avista,2025,1,99001,5
Avista,2025,1,99003,1
Avista,2025,1,99004,6
Avista,2025,1,99005,6
Avista,2025,1,99006,5
Avista,2025,1,99009,1
Avista,2025,1,99012,1
Avista,2025,1,99013,1
Avista,2025,1,99016,19
Avista,2025,1,99019,10
Avista,2025,1,99021,2
Avista,2025,1,99022,16
Avista,2025,1,99025,3
Avista,2025,1,99027,4
Avista,2025,1,99029,3
Avista,2025,1,99030,1
Avista,2025,1,99032,3
Avista,2025,1,99037,5
Avista,2025,1,99040,1
Avista,2025,1,99101,3
Avista,2025,1,99110,1
Avista,2025,1,99111,3
Avista,2025,1,99114,12
Avista,2025,1,99122,5
Avista,2025,1,99129,3
Avista,2025,1,99130,2
Avista,2025,1,99137,1
Avista,2025,1,99138,3
Avista,2025,1,99141,9
Avista,2025,1,99148,1
Avista,2025,1,99157,1
Avista,2025,1,99159,3
Avista,2025,1,99161,1
Avista,2025,1,99163,55
Avista,2025,1,99167,1
Avista,2025,1,99169,5
Avista,2025,1,99170,1
Avista,2025,1,99173,2
Avista,2025,1,99181,3
Avista,2025,1,99185,1
Avista,2025,1,99201,49
Avista,2025,1,99202,41
Avista,2025,1,99203,14
Avista,2025,1,99204,23
Avista,2025,1,99205,81
Avista,2025,1,99206,34
Avista,2025,1,99207,97
Avista,2025,1,99208,119
Avista,2025,1,99212,45
Avista,2025,1,99216,45
Avista,2025,1,99217,29
Avista,2025,1,99218,21
Avista,2025,1,99223,42
Avista,2025,1,99224,29
Avista,2025,1,99344,15
Avista,2025,1,99402,4
Avista,2025,1,99403,52
Avista,2025,2,98620,3
Avista,2025,2,99001,10
Avista,2025,2,99003,4
Avista,2025,2,99004,1
Avista,2025,2,99005,4
Avista,2025,2,99006,11
Avista,2025,2,99008,3
Avista,2025,2,99009,2
Avista,2025,2,99013,6
Avista,2025,2,99016,11
Avista,2025,2,99019,6
Avista,2025,2,99021,6
Avista,2025,2,99022,5
Avista,2025,2,99025,2
Avista,2025,2,99026,1
Avista,2025,2,99027,5
Avista,2025,2,99029,1
Avista,2025,2,99033,3
Avista,2025,2,99034,1
Avista,2025,2,99037,4
Avista,2025,2,99040,1
Avista,2025,2,99102,1
Avista,2025,2,99109,1
Avista,2025,2,99110,1
Avista,2025,2,99114,15
Avista,2025,2,99122,2
Avista,2025,2,99126,1
Avista,2025,2,99129,2
Avista,2025,2,99134,1
Avista,2025,2,99141,6
Avista,2025,2,99148,5
Avista,2025,2,99159,2
Avista,2025,2,99160,2
Avista,2025,2,99163,46
Avista,2025,2,99169,4
Avista,2025,2,99170,1
Avista,2025,2,99173,4
Avista,2025,2,99201,47
Avista,2025,2,99202,51
Avista,2025,2,99203,9
Avista,2025,2,99204,23
Avista,2025,2,99205,42
Avista,2025,2,99206,35
Avista,2025,2,99207,72
Avista,2025,2,99208,60
Avista,2025,2,99212,27
Avista,2025,2,99216,29
Avista,2025,2,99217,29
Avista,2025,2,99218,14
Avista,2025,2,99223,34
Avista,2025,2,99224,33
Avista,2025,2,99341,1
Avista,2025,2,99344,21
Avista,2025,2,99402,4
Avista,2025,2,99403,27
Avista,2025,3,98620,3
Avista,2025,3,98648,2
Avista,2025,3,99001,13
Avista,2025,3,99003,3
Avista,2025,3,99004,4
Avista,2025,3,99005,11
Avista,2025,3,99006,11
Avista,2025,3,99009,3
Avista,2025,3,99012,3
Avista,2025,3,99013,3
Avista,2025,3,99016,16
Avista,2025,3,99019,12
Avista,2025,3,99021,12
Avista,2025,3,99022,5
Avista,2025,3,99025,2
Avista,2025,3,99027,4
Avista,2025,3,99029,4
Avista,2025,3,99030,1
Avista,2025,3,99032,1
Avista,2025,3,99034,2
Avista,2025,3,99037,7
Avista,2025,3,99101,3
Avista,2025,3,99102,2
Avista,2025,3,99109,1
Avista,2025,3,99110,3
Avista,2025,3,99111,3
Avista,2025,3,99113,1
Avista,2025,3,99114,18
Avista,2025,3,99117,1
Avista,2025,3,99122,2
Avista,2025,3,99126,3
Avista,2025,3,99138,4
Avista,2025,3,99141,8
Avista,2025,3,99157,2
Avista,2025,3,99159,1
Avista,2025,3,99161,1
Avista,2025,3,99163,56
Avista,2025,3,99167,2
Avista,2025,3,99169,2
Avista,2025,3,99173,4
Avista,2025,3,99181,6
Avista,2025,3,99185,2
Avista,2025,3,99201,58
Avista,2025,3,99202,57
Avista,2025,3,99203,17
Avista,2025,3,99204,26
Avista,2025,3,99205,84
Avista,2025,3,99206,34
Avista,2025,3,99207,123
Avista,2025,3,99208,92
Avista,2025,3,99212,56
Avista,2025,3,99216,40
Avista,2025,3,99217,48
Avista,2025,3,99218,20
Avista,2025,3,99223,44
Avista,2025,3,99224,32
Avista,2025,3,99341,2
Avista,2025,3,99344,20
Avista,2025,3,99402,7
Avista,2025,3,99403,38
Avista,2025,4,98620,4
Avista,2025,4,98648,1
Avista,2025,4,99001,8
Avista,2025,4,99003,3
Avista,2025,4,99004,9
Avista,2025,4,99005,4
Avista,2025,4,99006,3
Avista,2025,4,99009,1
Avista,2025,4,99013,4
Avista,2025,4,99016,23
Avista,2025,4,99018,1
Avista,2025,4,99019,14
Avista,2025,4,99021,9
Avista,2025,4,99022,13
Avista,2025,4,99025,1
Avista,2025,4,99026,1
Avista,2025,4,99027,5
Avista,2025,4,99029,2
Avista,2025,4,99030,1
Avista,2025,4,99031,1
Avista,2025,4,99032,1
Avista,2025,4,99033,3
Avista,2025,4,99037,5
Avista,2025,4,99039,1
Avista,2025,4,99101,2
Avista,2025,4,99109,3
Avista,2025,4,99110,4
Avista,2025,4,99111,5
Avista,2025,4,99114,15
Avista,2025,4,99117,1
Avista,2025,4,99125,1
Avista,2025,4,99126,1
Avista,2025,4,99129,3
Avista,2025,4,99130,2
Avista,2025,4,99137,2
Avista,2025,4,99138,3
Avista,2025,4,99141,10
Avista,2025,4,99148,3
Avista,2025,4,99157,2
Avista,2025,4,99159,3
Avista,2025,4,99160,1
Avista,2025,4,99161,2
Avista,2025,4,99163,99
Avista,2025,4,99169,6
Avista,2025,4,99170,2
Avista,2025,4,99173,1
Avista,2025,4,99181,5
Avista,2025,4,99185,1
Avista,2025,4,99201,79
Avista,2025,4,99202,66
Avista,2025,4,99203,11
Avista,2025,4,99204,27
Avista,2025,4,99205,54
Avista,2025,4,99206,44
Avista,2025,4,99207,111
Avista,2025,4,99208,103
Avista,2025,4,99212,53
Avista,2025,4,99216,53
Avista,2025,4,99217,34
Avista,2025,4,99218,37
Avista,2025,4,99223,48
Avista,2025,4,99224,44
Avista,2025,4,99341,4
Avista,2025,4,99344,33
Avista,2025,4,99371,2
Avista,2025,4,99402,5
Avista,2025,4,99403,70
Avista,2025,5,98620,4
Avista,2025,5,98648,1
Avista,2025,5,99001,8
Avista,2025,5,99003,3
Avista,2025,5,99004,4
Avista,2025,5,99005,4
Avista,2025,5,99006,8
Avista,2025,5,99009,2
Avista,2025,5,99012,1
Avista,2025,5,99013,1
Avista,2025,5,99016,13
Avista,2025,5,99019,11
Avista,2025,5,99021,9
Avista,2025,5,99022,12
Avista,2025,5,99025,1
Avista,2025,5,99026,1
Avista,2025,5,99027,8
Avista,2025,5,99029,1
Avista,2025,5,99030,3
Avista,2025,5,99031,1
Avista,2025,5,99032,1
Avista,2025,5,99033,1
Avista,2025,5,99037,4
Avista,2025,5,99040,2
Avista,2025,5,99101,1
Avista,2025,5,99109,2
Avista,2025,5,99110,1
Avista,2025,5,99111,1
Avista,2025,5,99114,21
Avista,2025,5,99117,1
Avista,2025,5,99122,3
Avista,2025,5,99138,1
Avista,2025,5,99141,10
Avista,2025,5,99148,2
Avista,2025,5,99149,1
Avista,2025,5,99157,2
Avista,2025,5,99158,1
Avista,2025,5,99159,1
Avista,2025,5,99163,43
Avista,2025,5,99169,9
Avista,2025,5,99170,1
Avista,2025,5,99173,6
Avista,2025,5,99181,2
Avista,2025,5,99185,1
Avista,2025,5,99201,44
Avista,2025,5,99202,55
Avista,2025,5,99203,23
Avista,2025,5,99204,23
Avista,2025,5,99205,60
Avista,2025,5,99206,26
Avista,2025,5,99207,98
Avista,2025,5,99208,95
Avista,2025,5,99212,28
Avista,2025,5,99216,36
Avista,2025,5,99217,36
Avista,2025,5,99218,20
Avista,2025,5,99223,39
Avista,2025,5,99224,33
Avista,2025,5,99341,1
Avista,2025,5,99344,27
Avista,2025,5,99402,2
Avista,2025,5,99403,27
Avista,2025,6,98620,3
Avista,2025,6,98648,1
Avista,2025,6,99001,10
Avista,2025,6,99003,2
Avista,2025,6,99004,14
Avista,2025,6,99005,5
Avista,2025,6,99006,19
Avista,2025,6,99008,2
Avista,2025,6,99009,2
Avista,2025,6,99012,1
Avista,2025,6,99013,4
Avista,2025,6,99016,46
Avista,2025,6,99019,9
Avista,2025,6,99021,15
Avista,2025,6,99022,21
Avista,2025,6,99025,5
Avista,2025,6,99026,4
Avista,2025,6,99027,12
Avista,2025,6,99029,4
Avista,2025,6,99030,1
Avista,2025,6,99031,5
Avista,2025,6,99032,3
Avista,2025,6,99033,1
Avista,2025,6,99037,19
Avista,2025,6,99101,7
Avista,2025,6,99102,2
Avista,2025,6,99109,6
Avista,2025,6,99110,1
Avista,2025,6,99111,9
Avista,2025,6,99114,23
Avista,2025,6,99117,4
Avista,2025,6,99122,6
Avista,2025,6,99126,3
Avista,2025,6,99129,7
Avista,2025,6,99130,2
Avista,2025,6,99134,1
Avista,2025,6,99138,6
Avista,2025,6,99141,6
Avista,2025,6,99148,5
Avista,2025,6,99149,1
Avista,2025,6,99151,1
Avista,2025,6,99157,4
Avista,2025,6,99158,1
Avista,2025,6,99159,1
Avista,2025,6,99161,1
Avista,2025,6,99163,77
Avista,2025,6,99167,3
Avista,2025,6,99169,8
Avista,2025,6,99171,1
Avista,2025,6,99173,5
Avista,2025,6,99179,1
Avista,2025,6,99181,9
Avista,2025,6,99185,1
Avista,2025,6,99201,92
Avista,2025,6,99202,73
Avista,2025,6,99203,27
Avista,2025,6,99204,54
Avista,2025,6,99205,113
Avista,2025,6,99206,59
Avista,2025,6,99207,174
Avista,2025,6,99208,164
Avista,2025,6,99212,78
Avista,2025,6,99216,56
Avista,2025,6,99217,79
Avista,2025,6,99218,41
Avista,2025,6,99223,50
Avista,2025,6,99224,49
Avista,2025,6,99326,1
Avista,2025,6,99341,2
Avista,2025,6,99344,20
Avista,2025,6,99402,4
Avista,2025,6,99403,52
Avista,2025,7,98620,4
Avista,2025,7,98648,1
Avista,2025,7,99001,27
Avista,2025,7,99003,3
Avista,2025,7,99004,8
Avista,2025,7,99005,8
Avista,2025,7,99006,14
Avista,2025,7,99008,1
Avista,2025,7,99009,4
Avista,2025,7,99012,3
Avista,2025,7,99013,5
Avista,2025,7,99016,39
Avista,2025,7,99019,20
Avista,2025,7,99021,11
Avista,2025,7,99022,9
Avista,2025,7,99025,1
Avista,2025,7,99026,1
Avista,2025,7,99027,8
Avista,2025,7,99029,2
Avista,2025,7,99030,2
Avista,2025,7,99031,2
Avista,2025,7,99037,9
Avista,2025,7,99040,1
Avista,2025,7,99101,2
Avista,2025,7,99102,2
Avista,2025,7,99103,2
Avista,2025,7,99109,8
Avista,2025,7,99110,2
Avista,2025,7,99111,9
Avista,2025,7,99114,25
Avista,2025,7,99117,3
Avista,2025,7,99122,3
Avista,2025,7,99126,2
Avista,2025,7,99134,1
Avista,2025,7,99138,4
Avista,2025,7,99141,17
Avista,2025,7,99148,7
Avista,2025,7,99157,3
Avista,2025,7,99158,1
Avista,2025,7,99159,2
Avista,2025,7,99163,104
Avista,2025,7,99167,1
Avista,2025,7,99169,5
Avista,2025,7,99170,3
Avista,2025,7,99173,8
Avista,2025,7,99179,2
Avista,2025,7,99181,5
Avista,2025,7,99185,2
Avista,2025,7,99201,83
Avista,2025,7,99202,84
Avista,2025,7,99203,20
Avista,2025,7,99204,61
Avista,2025,7,99205,122
Avista,2025,7,99206,75
Avista,2025,7,99207,164
Avista,2025,7,99208,135
Avista,2025,7,99212,70
Avista,2025,7,99216,62
Avista,2025,7,99217,44
Avista,2025,7,99218,32
Avista,2025,7,99223,59
Avista,2025,7,99224,44
Avista,2025,7,99341,2
Avista,2025,7,99344,34
Avista,2025,7,99371,2
Avista,2025,7,99402,2
Avista,2025,7,99403,57
Avista,2025,8,98620,3
Avista,2025,8,99001,18
Avista,2025,8,99003,6
Avista,2025,8,99004,9
Avista,2025,8,99005,6
Avista,2025,8,99006,13
Avista,2025,8,99009,7
Avista,2025,8,99012,1
Avista,2025,8,99013,1
Avista,2025,8,99016,27
Avista,2025,8,99019,7
Avista,2025,8,99021,8
Avista,2025,8,99022,11
Avista,2025,8,99025,2
Avista,2025,8,99026,2
Avista,2025,8,99027,5
Avista,2025,8,99029,4
Avista,2025,8,99030,1
Avista,2025,8,99032,2
Avista,2025,8,99033,2
Avista,2025,8,99037,8
Avista,2025,8,99040,2
Avista,2025,8,99101,2
Avista,2025,8,99103,1
Avista,2025,8,99109,14
Avista,2025,8,99110,2
Avista,2025,8,99111,4
Avista,2025,8,99114,13
Avista,2025,8,99117,1
Avista,2025,8,99122,6
Avista,2025,8,99126,1
Avista,2025,8,99128,1
Avista,2025,8,99129,3
Avista,2025,8,99130,1
Avista,2025,8,99134,3
Avista,2025,8,99137,1
Avista,2025,8,99138,1
Avista,2025,8,99141,4
Avista,2025,8,99143,2
Avista,2025,8,99146,1
Avista,2025,8,99148,3
Avista,2025,8,99157,3
Avista,2025,8,99159,3
Avista,2025,8,99160,1
Avista,2025,8,99161,4
Avista,2025,8,99163,135
Avista,2025,8,99169,5
Avista,2025,8,99170,1
Avista,2025,8,99171,2
Avista,2025,8,99173,4
Avista,2025,8,99181,2
Avista,2025,8,99201,62
Avista,2025,8,99202,60
Avista,2025,8,99203,26
Avista,2025,8,99204,36
Avista,2025,8,99205,88
Avista,2025,8,99206,42
Avista,2025,8,99207,119
Avista,2025,8,99208,122
Avista,2025,8,99212,53
Avista,2025,8,99216,57
Avista,2025,8,99217,38
Avista,2025,8,99218,35
Avista,2025,8,99223,37
Avista,2025,8,99224,38
Avista,2025,8,99341,3
Avista,2025,8,99344,23
Avista,2025,8,99371,1
Avista,2025,8,99402,2
Avista,2025,8,99403,36
Avista,2025,9,98620,2
Avista,2025,9,99001,10
Avista,2025,9,99003,2
Avista,2025,9,99004,8
Avista,2025,9,99005,6
Avista,2025,9,99006,16
Avista,2025,9,99008,1
Avista,2025,9,99009,1
Avista,2025,9,99012,3
Avista,2025,9,99013,4
Avista,2025,9,99016,34
Avista,2025,9,99019,20
Avista,2025,9,99021,6
Avista,2025,9,99022,17
Avista,2025,9,99025,3
Avista,2025,9,99026,1
Avista,2025,9,99027,6
Avista,2025,9,99029,1
Avista,2025,9,99030,1
Avista,2025,9,99032,1
Avista,2025,9,99033,1
Avista,2025,9,99037,8
Avista,2025,9,99040,1
Avista,2025,9,99101,4
Avista,2025,9,99102,1
Avista,2025,9,99103,1
Avista,2025,9,99109,5
Avista,2025,9,99110,2
Avista,2025,9,99111,3
Avista,2025,9,99113,1
Avista,2025,9,99114,29
Avista,2025,9,99117,2
Avista,2025,9,99122,7
Avista,2025,9,99126,3
Avista,2025,9,99129,9
Avista,2025,9,99138,7
Avista,2025,9,99141,5
Avista,2025,9,99148,1
Avista,2025,9,99157,2
Avista,2025,9,99159,2
Avista,2025,9,99160,1
Avista,2025,9,99161,1
Avista,2025,9,99163,118
Avista,2025,9,99167,1
Avista,2025,9,99169,8
Avista,2025,9,99170,2
Avista,2025,9,99173,2
Avista,2025,9,99181,1
Avista,2025,9,99185,4
Avista,2025,9,99201,68
Avista,2025,9,99202,70
Avista,2025,9,99203,14
Avista,2025,9,99204,44
Avista,2025,9,99205,102
Avista,2025,9,99206,53
Avista,2025,9,99207,98
Avista,2025,9,99208,120
Avista,2025,9,99212,60
Avista,2025,9,99216,52
Avista,2025,9,99217,38
Avista,2025,9,99218,44
Avista,2025,9,99223,59
Avista,2025,9,99224,49
Avista,2025,9,99341,3
Avista,2025,9,99344,24
Avista,2025,9,99402,2
Avista,2025,9,99403,36
Avista,2025,10,98620,7
Avista,2025,10,98648,1
Avista,2025,10,99001,20
Avista,2025,10,99003,4
Avista,2025,10,99004,8
Avista,2025,10,99005,3
Avista,2025,10,99006,10
Avista,2025,10,99008,1
Avista,2025,10,99009,3
Avista,2025,10,99012,2
Avista,2025,10,99013,1
Avista,2025,10,99016,39
Avista,2025,10,99019,15
Avista,2025,10,99021,13
Avista,2025,10,99022,10
Avista,2025,10,99025,1
Avista,2025,10,99026,3
Avista,2025,10,99027,13
Avista,2025,10,99029,1
Avista,2025,10,99030,5
Avista,2025,10,99032,1
Avista,2025,10,99033,4
Avista,2025,10,99037,7
Avista,2025,10,99040,1
Avista,2025,10,99101,2
Avista,2025,10,99103,1
Avista,2025,10,99109,9
Avista,2025,10,99110,2
Avista,2025,10,99111,5
Avista,2025,10,99114,31
Avista,2025,10,99117,1
Avista,2025,10,99122,7
Avista,2025,10,99125,2
Avista,2025,10,99126,3
Avista,2025,10,99129,4
Avista,2025,10,99130,3
Avista,2025,10,99131,1
Avista,2025,10,99137,2
Avista,2025,10,99138,2
Avista,2025,10,99141,12
Avista,2025,10,99143,1
Avista,2025,10,99148,7
Avista,2025,10,99149,1
Avista,2025,10,99157,1
Avista,2025,10,99158,2
Avista,2025,10,99159,2
Avista,2025,10,99161,1
Avista,2025,10,99163,142
Avista,2025,10,99167,2
Avista,2025,10,99169,6
Avista,2025,10,99171,2
Avista,2025,10,99173,1
Avista,2025,10,99179,1
Avista,2025,10,99181,8
Avista,2025,10,99185,1
Avista,2025,10,99201,85
Avista,2025,10,99202,66
Avista,2025,10,99203,22
Avista,2025,10,99204,29
Avista,2025,10,99205,118
Avista,2025,10,99206,58
Avista,2025,10,99207,151
Avista,2025,10,99208,146
Avista,2025,10,99212,61
Avista,2025,10,99216,59
Avista,2025,10,99217,55
Avista,2025,10,99218,24
Avista,2025,10,99223,44
Avista,2025,10,99224,43
Avista,2025,10,99341,2
Avista,2025,10,99344,24
Avista,2025,10,99371,2
Avista,2025,10,99402,3
Avista,2025,10,99403,45
Avista,2025,11,98620,1
Avista,2025,11,99001,7
Avista,2025,11,99004,4
Avista,2025,11,99005,3
Avista,2025,11,99006,9
Avista,2025,11,99013,2
Avista,2025,11,99016,20
Avista,2025,11,99019,5
Avista,2025,11,99021,2
Avista,2025,11,99022,10
Avista,2025,11,99025,1
Avista,2025,11,99026,2
Avista,2025,11,99027,5
Avista,2025,11,99029,1
Avista,2025,11,99030,1
Avista,2025,11,99031,1
Avista,2025,11,99037,2
Avista,2025,11,99101,2
Avista,2025,11,99109,3
Avista,2025,11,99114,13
Avista,2025,11,99117,1
Avista,2025,11,99122,5
Avista,2025,11,99125,1
Avista,2025,11,99126,1
Avista,2025,11,99137,1
Avista,2025,11,99138,3
Avista,2025,11,99141,4
Avista,2025,11,99148,3
Avista,2025,11,99159,1
Avista,2025,11,99161,1
Avista,2025,11,99163,68
Avista,2025,11,99169,4
Avista,2025,11,99173,2
Avista,2025,11,99185,1
Avista,2025,11,99201,54
Avista,2025,11,99202,50
Avista,2025,11,99203,9
Avista,2025,11,99204,19
Avista,2025,11,99205,59
Avista,2025,11,99206,23
Avista,2025,11,99207,80
Avista,2025,11,99208,73
Avista,2025,11,99212,29
Avista,2025,11,99216,26
Avista,2025,11,99217,27
Avista,2025,11,99218,21
Avista,2025,11,99223,30
Avista,2025,11,99224,22
Avista,2025,11,99344,13
Avista,2025,11,99402,5
Avista,2025,11,99403,47
Avista,2025,12,99001,23
Avista,2025,12,99003,6
Avista,2025,12,99004,8
Avista,2025,12,99005,5
Avista,2025,12,99006,12
Avista,2025,12,99009,1
Avista,2025,12,99012,1
Avista,2025,12,99013,4
Avista,2025,12,99016,33
Avista,2025,12,99019,20
Avista,2025,12,99021,9
Avista,2025,12,99022,10
Avista,2025,12,99025,2
Avista,2025,12,99026,1
Avista,2025,12,99027,6
Avista,2025,12,99029,1
Avista,2025,12,99030,1
Avista,2025,12,99031,1
Avista,2025,12,99033,3
Avista,2025,12,99034,1
Avista,2025,12,99037,2
Avista,2025,12,99101,2
Avista,2025,12,99109,5
Avista,2025,12,99110,2
Avista,2025,12,99111,3
Avista,2025,12,99114,13
Avista,2025,12,99117,1
Avista,2025,12,99122,3
Avista,2025,12,99126,1
Avista,2025,12,99129,6
Avista,2025,12,99134,1
Avista,2025,12,99138,3
Avista,2025,12,99141,3
Avista,2025,12,99148,2
Avista,2025,12,99157,3
Avista,2025,12,99159,4
Avista,2025,12,99161,1
Avista,2025,12,99163,67
Avista,2025,12,99167,2
Avista,2025,12,99169,7
Avista,2025,12,99170,2
Avista,2025,12,99171,4
Avista,2025,12,99173,6
Avista,2025,12,99179,1
Avista,2025,12,99181,4
Avista,2025,12,99201,62
Avista,2025,12,99202,49
Avista,2025,12,99203,19
Avista,2025,12,99204,28
Avista,2025,12,99205,102
Avista,2025,12,99206,37
Avista,2025,12,99207,158
Avista,2025,12,99208,126
Avista,2025,12,99212,61
Avista,2025,12,99216,57
Avista,2025,12,99217,62
Avista,2025,12,99218,44
Avista,2025,12,99223,55
Avista,2025,12,99224,37
Avista,2025,12,99341,1
Avista,2025,12,99344,17
Avista,2025,12,99371,2
Avista,2025,12,99402,3
Avista,2025,12,99403,50
