Utility,Year,Month,Zip Code,Disconnection Notice Count
Avista,2025,1,98620,21
Avista,2025,1,98648,8
Avista,2025,1,98857,1
Avista,2025,1,99001,90
Avista,2025,1,99003,51
Avista,2025,1,99004,77
Avista,2025,1,99005,91
Avista,2025,1,99006,160
Avista,2025,1,99008,15
Avista,2025,1,99009,40
Avista,2025,1,99011,1
Avista,2025,1,99012,24
Avista,2025,1,99013,84
Avista,2025,1,99014,5
Avista,2025,1,99016,316
Avista,2025,1,99018,4
Avista,2025,1,99019,168
Avista,2025,1,99020,1
Avista,2025,1,99021,122
Avista,2025,1,99022,138
Avista,2025,1,99023,7
Avista,2025,1,99025,52
Avista,2025,1,99026,52
Avista,2025,1,99027,139
Avista,2025,1,99029,30
Avista,2025,1,99030,17
Avista,2025,1,99031,11
Avista,2025,1,99032,17
Avista,2025,1,99033,28
Avista,2025,1,99034,3
Avista,2025,1,99037,59
Avista,2025,1,99039,5
Avista,2025,1,99040,44
Avista,2025,1,99101,43
Avista,2025,1,99102,12
Avista,2025,1,99103,6
Avista,2025,1,99109,91
Avista,2025,1,99110,19
Avista,2025,1,99111,70
Avista,2025,1,99113,6
Avista,2025,1,99114,284
Avista,2025,1,99117,7
Avista,2025,1,99122,41
Avista,2025,1,99125,10
Avista,2025,1,99126,26
Avista,2025,1,99128,4
Avista,2025,1,99129,21
Avista,2025,1,99130,21
Avista,2025,1,99131,2
Avista,2025,1,99134,19
Avista,2025,1,99137,11
Avista,2025,1,99138,47
Avista,2025,1,99141,133
Avista,2025,1,99143,8
Avista,2025,1,99146,2
Avista,2025,1,99148,65
Avista,2025,1,99149,6
Avista,2025,1,99151,6
Avista,2025,1,99157,23
Avista,2025,1,99158,17
Avista,2025,1,99159,17
Avista,2025,1,99160,6
Avista,2025,1,99161,28
Avista,2025,1,99163,434
Avista,2025,1,99167,14
Avista,2025,1,99169,69
Avista,2025,1,99170,11
Avista,2025,1,99171,15
Avista,2025,1,99173,74
Avista,2025,1,99174,3
Avista,2025,1,99176,2
Avista,2025,1,99179,10
Avista,2025,1,99181,63
Avista,2025,1,99185,29
Avista,2025,1,99201,426
Avista,2025,1,99202,517
Avista,2025,1,99203,357
Avista,2025,1,99204,228
Avista,2025,1,99205,1105
Avista,2025,1,99206,519
Avista,2025,1,99207,1027
Avista,2025,1,99208,1127
Avista,2025,1,99212,518
Avista,2025,1,99216,350
Avista,2025,1,99217,418
Avista,2025,1,99218,287
Avista,2025,1,99223,530
Avista,2025,1,99224,387
Avista,2025,1,99326,3
Avista,2025,1,99341,22
Avista,2025,1,99344,254
Avista,2025,1,99371,7
Avista,2025,1,99402,33
Avista,2025,1,99403,322
Avista,2025,2,98620,18
Avista,2025,2,98648,8
Avista,2025,2,99001,52
Avista,2025,2,99003,54
Avista,2025,2,99004,15
Avista,2025,2,99005,98
Avista,2025,2,99006,129
Avista,2025,2,99008,20
Avista,2025,2,99009,43
Avista,2025,2,99012,28
Avista,2025,2,99013,59
Avista,2025,2,99016,393
Avista,2025,2,99018,5
Avista,2025,2,99019,167
Avista,2025,2,99020,1
Avista,2025,2,99021,145
Avista,2025,2,99022,69
Avista,2025,2,99023,3
Avista,2025,2,99025,67
Avista,2025,2,99026,62
Avista,2025,2,99027,135
Avista,2025,2,99029,37
Avista,2025,2,99030,22
Avista,2025,2,99031,17
Avista,2025,2,99032,16
Avista,2025,2,99033,12
Avista,2025,2,99034,6
Avista,2025,2,99036,2
Avista,2025,2,99037,88
Avista,2025,2,99039,3
Avista,2025,2,99040,15
Avista,2025,2,99101,40
Avista,2025,2,99102,15
Avista,2025,2,99103,9
Avista,2025,2,99109,81
Avista,2025,2,99110,17
Avista,2025,2,99111,56
Avista,2025,2,99113,3
Avista,2025,2,99114,269
Avista,2025,2,99117,10
Avista,2025,2,99122,59
Avista,2025,2,99125,11
Avista,2025,2,99126,32
Avista,2025,2,99128,3
Avista,2025,2,99129,26
Avista,2025,2,99130,21
Avista,2025,2,99134,18
Avista,2025,2,99137,11
Avista,2025,2,99138,38
Avista,2025,2,99141,131
Avista,2025,2,99143,5
Avista,2025,2,99148,74
Avista,2025,2,99149,5
Avista,2025,2,99151,4
Avista,2025,2,99157,22
Avista,2025,2,99158,11
Avista,2025,2,99159,26
Avista,2025,2,99160,1
Avista,2025,2,99161,32
Avista,2025,2,99163,388
Avista,2025,2,99167,8
Avista,2025,2,99169,37
Avista,2025,2,99170,15
Avista,2025,2,99171,17
Avista,2025,2,99173,71
Avista,2025,2,99174,1
Avista,2025,2,99176,4
Avista,2025,2,99179,14
Avista,2025,2,99181,65
Avista,2025,2,99185,38
Avista,2025,2,99201,382
Avista,2025,2,99202,406
Avista,2025,2,99203,342
Avista,2025,2,99204,184
Avista,2025,2,99205,1080
Avista,2025,2,99206,554
Avista,2025,2,99207,1064
Avista,2025,2,99208,1113
Avista,2025,2,99212,513
Avista,2025,2,99216,458
Avista,2025,2,99217,460
Avista,2025,2,99218,267
Avista,2025,2,99223,631
Avista,2025,2,99224,281
Avista,2025,2,99326,4
Avista,2025,2,99341,25
Avista,2025,2,99344,246
Avista,2025,2,99371,7
Avista,2025,2,99403,326
Avista,2025,3,98620,20
Avista,2025,3,98648,4
Avista,2025,3,99001,87
Avista,2025,3,99003,65
Avista,2025,3,99004,67
Avista,2025,3,99005,114
Avista,2025,3,99006,152
Avista,2025,3,99008,16
Avista,2025,3,99009,42
Avista,2025,3,99012,35
Avista,2025,3,99013,65
Avista,2025,3,99014,6
Avista,2025,3,99016,317
Avista,2025,3,99018,7
Avista,2025,3,99019,186
Avista,2025,3,99021,139
Avista,2025,3,99022,114
Avista,2025,3,99023,5
Avista,2025,3,99025,67
Avista,2025,3,99026,41
Avista,2025,3,99027,138
Avista,2025,3,99029,25
Avista,2025,3,99030,29
Avista,2025,3,99031,10
Avista,2025,3,99032,17
Avista,2025,3,99033,25
Avista,2025,3,99034,5
Avista,2025,3,99037,70
Avista,2025,3,99039,7
Avista,2025,3,99040,39
Avista,2025,3,99101,45
Avista,2025,3,99102,16
Avista,2025,3,99103,10
Avista,2025,3,99109,72
Avista,2025,3,99110,13
Avista,2025,3,99111,66
Avista,2025,3,99113,5
Avista,2025,3,99114,284
Avista,2025,3,99117,6
Avista,2025,3,99122,42
Avista,2025,3,99125,17
Avista,2025,3,99126,26
Avista,2025,3,99128,5
Avista,2025,3,99129,23
Avista,2025,3,99130,14
Avista,2025,3,99131,5
Avista,2025,3,99134,20
Avista,2025,3,99137,12
Avista,2025,3,99138,34
Avista,2025,3,99141,121
Avista,2025,3,99143,10
Avista,2025,3,99146,1
Avista,2025,3,99148,73
Avista,2025,3,99149,2
Avista,2025,3,99151,9
Avista,2025,3,99157,33
Avista,2025,3,99158,10
Avista,2025,3,99159,28
Avista,2025,3,99160,5
Avista,2025,3,99161,28
Avista,2025,3,99163,490
Avista,2025,3,99164,1
Avista,2025,3,99167,17
Avista,2025,3,99169,64
Avista,2025,3,99170,18
Avista,2025,3,99171,15
Avista,2025,3,99173,65
Avista,2025,3,99174,4
Avista,2025,3,99176,3
Avista,2025,3,99179,16
Avista,2025,3,99181,59
Avista,2025,3,99185,26
Avista,2025,3,99201,421
Avista,2025,3,99202,573
Avista,2025,3,99203,406
Avista,2025,3,99204,240
Avista,2025,3,99205,1087
Avista,2025,3,99206,535
Avista,2025,3,99207,952
Avista,2025,3,99208,1154
Avista,2025,3,99212,498
Avista,2025,3,99216,367
Avista,2025,3,99217,411
Avista,2025,3,99218,275
Avista,2025,3,99223,609
Avista,2025,3,99224,440
Avista,2025,3,99326,4
Avista,2025,3,99341,19
Avista,2025,3,99344,267
Avista,2025,3,99371,9
Avista,2025,3,99402,34
Avista,2025,3,99403,321
Avista,2025,4,98620,19
Avista,2025,4,98648,4
Avista,2025,4,99001,80
Avista,2025,4,99003,39
Avista,2025,4,99004,86
Avista,2025,4,99005,86
Avista,2025,4,99006,140
Avista,2025,4,99008,8
Avista,2025,4,99009,28
Avista,2025,4,99012,18
Avista,2025,4,99013,63
Avista,2025,4,99014,3
Avista,2025,4,99016,220
Avista,2025,4,99018,5
Avista,2025,4,99019,121
Avista,2025,4,99020,2
Avista,2025,4,99021,91
Avista,2025,4,99022,119
Avista,2025,4,99023,1
Avista,2025,4,99025,51
Avista,2025,4,99026,52
Avista,2025,4,99027,82
Avista,2025,4,99029,23
Avista,2025,4,99030,15
Avista,2025,4,99031,7
Avista,2025,4,99032,15
Avista,2025,4,99033,29
Avista,2025,4,99034,5
Avista,2025,4,99037,48
Avista,2025,4,99039,1
Avista,2025,4,99040,44
Avista,2025,4,99101,36
Avista,2025,4,99102,11
Avista,2025,4,99103,4
Avista,2025,4,99109,80
Avista,2025,4,99110,11
Avista,2025,4,99111,75
Avista,2025,4,99113,3
Avista,2025,4,99114,253
Avista,2025,4,99117,6
Avista,2025,4,99122,27
Avista,2025,4,99125,10
Avista,2025,4,99126,23
Avista,2025,4,99128,3
Avista,2025,4,99129,16
Avista,2025,4,99130,11
Avista,2025,4,99131,1
Avista,2025,4,99134,12
Avista,2025,4,99137,16
Avista,2025,4,99138,39
Avista,2025,4,99141,97
Avista,2025,4,99143,7
Avista,2025,4,99146,3
Avista,2025,4,99148,53
Avista,2025,4,99149,2
Avista,2025,4,99151,3
Avista,2025,4,99157,22
Avista,2025,4,99158,14
Avista,2025,4,99159,15
Avista,2025,4,99160,5
Avista,2025,4,99161,21
Avista,2025,4,99163,318
Avista,2025,4,99164,1
Avista,2025,4,99167,12
Avista,2025,4,99169,54
Avista,2025,4,99170,11
Avista,2025,4,99171,21
Avista,2025,4,99173,61
Avista,2025,4,99174,2
Avista,2025,4,99176,3
Avista,2025,4,99179,15
Avista,2025,4,99181,34
Avista,2025,4,99185,17
Avista,2025,4,99201,330
Avista,2025,4,99202,415
Avista,2025,4,99203,282
Avista,2025,4,99204,203
Avista,2025,4,99205,844
Avista,2025,4,99206,393
Avista,2025,4,99207,733
Avista,2025,4,99208,794
Avista,2025,4,99212,398
Avista,2025,4,99216,252
Avista,2025,4,99217,304
Avista,2025,4,99218,232
Avista,2025,4,99223,362
Avista,2025,4,99224,303
Avista,2025,4,99341,14
Avista,2025,4,99344,215
Avista,2025,4,99371,4
Avista,2025,4,99402,33
Avista,2025,4,99403,254
Avista,2025,5,98620,21
Avista,2025,5,98648,3
Avista,2025,5,99001,70
Avista,2025,5,99003,36
Avista,2025,5,99004,60
Avista,2025,5,99005,73
Avista,2025,5,99006,93
Avista,2025,5,99008,10
Avista,2025,5,99009,20
Avista,2025,5,99012,18
Avista,2025,5,99013,46
Avista,2025,5,99014,3
Avista,2025,5,99016,202
Avista,2025,5,99018,2
Avista,2025,5,99019,108
Avista,2025,5,99020,2
Avista,2025,5,99021,84
Avista,2025,5,99022,86
Avista,2025,5,99025,47
Avista,2025,5,99026,28
Avista,2025,5,99027,84
Avista,2025,5,99029,17
Avista,2025,5,99030,11
Avista,2025,5,99031,10
Avista,2025,5,99032,12
Avista,2025,5,99033,19
Avista,2025,5,99034,1
Avista,2025,5,99037,46
Avista,2025,5,99039,3
Avista,2025,5,99040,40
Avista,2025,5,99101,26
Avista,2025,5,99102,5
Avista,2025,5,99103,10
Avista,2025,5,99109,61
Avista,2025,5,99110,9
Avista,2025,5,99111,46
Avista,2025,5,99113,2
Avista,2025,5,99114,184
Avista,2025,5,99117,7
Avista,2025,5,99122,38
Avista,2025,5,99125,7
Avista,2025,5,99126,21
Avista,2025,5,99128,2
Avista,2025,5,99129,19
Avista,2025,5,99130,9
Avista,2025,5,99131,1
Avista,2025,5,99134,8
Avista,2025,5,99137,7
Avista,2025,5,99138,31
Avista,2025,5,99141,73
Avista,2025,5,99143,7
Avista,2025,5,99146,2
Avista,2025,5,99148,41
Avista,2025,5,99149,3
Avista,2025,5,99151,3
Avista,2025,5,99157,24
Avista,2025,5,99158,8
Avista,2025,5,99159,7
Avista,2025,5,99160,4
Avista,2025,5,99161,16
Avista,2025,5,99163,358
Avista,2025,5,99167,6
Avista,2025,5,99169,40
Avista,2025,5,99170,6
Avista,2025,5,99171,10
Avista,2025,5,99173,47
Avista,2025,5,99174,3
Avista,2025,5,99176,1
Avista,2025,5,99179,8
Avista,2025,5,99181,30
Avista,2025,5,99185,17
Avista,2025,5,99201,249
Avista,2025,5,99202,341
Avista,2025,5,99203,194
Avista,2025,5,99204,150
Avista,2025,5,99205,699
Avista,2025,5,99206,336
Avista,2025,5,99207,631
Avista,2025,5,99208,702
Avista,2025,5,99212,340
Avista,2025,5,99216,244
Avista,2025,5,99217,306
Avista,2025,5,99218,202
Avista,2025,5,99223,379
Avista,2025,5,99224,267
Avista,2025,5,99341,9
Avista,2025,5,99344,125
Avista,2025,5,99371,5
Avista,2025,5,99402,13
Avista,2025,5,99403,169
Avista,2025,6,98620,9
Avista,2025,6,99001,45
Avista,2025,6,99003,22
Avista,2025,6,99004,22
Avista,2025,6,99005,31
Avista,2025,6,99006,67
Avista,2025,6,99008,10
Avista,2025,6,99009,17
Avista,2025,6,99012,13
Avista,2025,6,99013,43
Avista,2025,6,99014,1
Avista,2025,6,99016,162
Avista,2025,6,99018,1
Avista,2025,6,99019,89
Avista,2025,6,99020,1
Avista,2025,6,99021,69
Avista,2025,6,99022,56
Avista,2025,6,99023,2
Avista,2025,6,99025,27
Avista,2025,6,99026,23
Avista,2025,6,99027,62
Avista,2025,6,99029,16
Avista,2025,6,99030,12
Avista,2025,6,99031,4
Avista,2025,6,99032,6
Avista,2025,6,99033,13
Avista,2025,6,99034,3
Avista,2025,6,99036,1
Avista,2025,6,99037,26
Avista,2025,6,99039,3
Avista,2025,6,99040,17
Avista,2025,6,99101,28
Avista,2025,6,99102,8
Avista,2025,6,99103,6
Avista,2025,6,99107,1
Avista,2025,6,99109,43
Avista,2025,6,99110,11
Avista,2025,6,99111,43
Avista,2025,6,99113,1
Avista,2025,6,99114,130
Avista,2025,6,99117,2
Avista,2025,6,99122,31
Avista,2025,6,99125,8
Avista,2025,6,99126,17
Avista,2025,6,99128,2
Avista,2025,6,99129,14
Avista,2025,6,99130,7
Avista,2025,6,99131,3
Avista,2025,6,99134,8
Avista,2025,6,99137,8
Avista,2025,6,99138,34
Avista,2025,6,99141,57
Avista,2025,6,99143,3
Avista,2025,6,99146,1
Avista,2025,6,99148,32
Avista,2025,6,99149,3
Avista,2025,6,99151,2
Avista,2025,6,99157,11
Avista,2025,6,99158,7
Avista,2025,6,99159,11
Avista,2025,6,99160,1
Avista,2025,6,99161,13
Avista,2025,6,99163,229
Avista,2025,6,99167,9
Avista,2025,6,99169,27
Avista,2025,6,99170,6
Avista,2025,6,99171,11
Avista,2025,6,99173,34
Avista,2025,6,99174,1
Avista,2025,6,99176,1
Avista,2025,6,99179,4
Avista,2025,6,99181,37
Avista,2025,6,99185,13
Avista,2025,6,99201,254
Avista,2025,6,99202,222
Avista,2025,6,99203,151
Avista,2025,6,99204,94
Avista,2025,6,99205,517
Avista,2025,6,99206,251
Avista,2025,6,99207,500
Avista,2025,6,99208,585
Avista,2025,6,99212,211
Avista,2025,6,99216,179
Avista,2025,6,99217,182
Avista,2025,6,99218,154
Avista,2025,6,99223,260
Avista,2025,6,99224,147
Avista,2025,6,99341,10
Avista,2025,6,99344,118
Avista,2025,6,99371,4
Avista,2025,6,99402,19
Avista,2025,6,99403,182
Avista,2025,7,98620,17
Avista,2025,7,98648,7
Avista,2025,7,99001,71
Avista,2025,7,99003,30
Avista,2025,7,99004,57
Avista,2025,7,99005,61
Avista,2025,7,99006,84
Avista,2025,7,99008,3
Avista,2025,7,99009,17
Avista,2025,7,99012,17
Avista,2025,7,99013,34
Avista,2025,7,99014,2
Avista,2025,7,99016,197
Avista,2025,7,99018,1
Avista,2025,7,99019,102
Avista,2025,7,99021,74
Avista,2025,7,99022,80
Avista,2025,7,99023,3
Avista,2025,7,99025,36
Avista,2025,7,99026,24
Avista,2025,7,99027,72
Avista,2025,7,99029,13
Avista,2025,7,99030,9
Avista,2025,7,99031,5
Avista,2025,7,99032,6
Avista,2025,7,99033,10
Avista,2025,7,99034,5
Avista,2025,7,99037,37
Avista,2025,7,99039,2
Avista,2025,7,99040,33
Avista,2025,7,99101,22
Avista,2025,7,99102,8
Avista,2025,7,99103,5
Avista,2025,7,99109,52
Avista,2025,7,99110,5
Avista,2025,7,99111,37
Avista,2025,7,99113,7
Avista,2025,7,99114,150
Avista,2025,7,99117,2
Avista,2025,7,99122,21
Avista,2025,7,99125,8
Avista,2025,7,99126,17
Avista,2025,7,99128,1
Avista,2025,7,99129,11
Avista,2025,7,99130,3
Avista,2025,7,99134,6
Avista,2025,7,99137,8
Avista,2025,7,99138,28
Avista,2025,7,99141,60
Avista,2025,7,99143,6
Avista,2025,7,99146,1
Avista,2025,7,99148,31
Avista,2025,7,99149,4
Avista,2025,7,99151,4
Avista,2025,7,99157,11
Avista,2025,7,99158,7
Avista,2025,7,99159,10
Avista,2025,7,99160,2
Avista,2025,7,99161,13
Avista,2025,7,99163,211
Avista,2025,7,99167,8
Avista,2025,7,99169,37
Avista,2025,7,99170,3
Avista,2025,7,99171,9
Avista,2025,7,99173,41
Avista,2025,7,99179,7
Avista,2025,7,99181,26
Avista,2025,7,99185,12
Avista,2025,7,99201,218
Avista,2025,7,99202,299
Avista,2025,7,99203,172
Avista,2025,7,99204,110
Avista,2025,7,99205,595
Avista,2025,7,99206,278
Avista,2025,7,99207,531
Avista,2025,7,99208,669
Avista,2025,7,99212,312
Avista,2025,7,99216,214
Avista,2025,7,99217,245
Avista,2025,7,99218,157
Avista,2025,7,99223,289
Avista,2025,7,99224,214
Avista,2025,7,99326,1
Avista,2025,7,99341,9
Avista,2025,7,99344,147
Avista,2025,7,99371,8
Avista,2025,7,99402,21
Avista,2025,7,99403,221
Avista,2025,8,98620,4
Avista,2025,8,98648,4
Avista,2025,8,99001,65
Avista,2025,8,99003,26
Avista,2025,8,99004,27
Avista,2025,8,99005,61
Avista,2025,8,99006,84
Avista,2025,8,99008,10
Avista,2025,8,99009,13
Avista,2025,8,99012,14
Avista,2025,8,99013,27
Avista,2025,8,99016,196
Avista,2025,8,99018,2
Avista,2025,8,99019,121
Avista,2025,8,99020,1
Avista,2025,8,99021,67
Avista,2025,8,99022,67
Avista,2025,8,99025,34
Avista,2025,8,99026,23
Avista,2025,8,99027,85
Avista,2025,8,99029,17
Avista,2025,8,99030,11
Avista,2025,8,99031,7
Avista,2025,8,99032,7
Avista,2025,8,99033,13
Avista,2025,8,99034,3
Avista,2025,8,99037,22
Avista,2025,8,99040,28
Avista,2025,8,99101,20
Avista,2025,8,99102,10
Avista,2025,8,99103,3
Avista,2025,8,99109,41
Avista,2025,8,99110,10
Avista,2025,8,99111,47
Avista,2025,8,99113,2
Avista,2025,8,99114,156
Avista,2025,8,99117,1
Avista,2025,8,99122,25
Avista,2025,8,99125,2
Avista,2025,8,99126,16
Avista,2025,8,99128,2
Avista,2025,8,99129,18
Avista,2025,8,99130,13
Avista,2025,8,99131,2
Avista,2025,8,99134,6
Avista,2025,8,99137,9
Avista,2025,8,99138,31
Avista,2025,8,99141,71
Avista,2025,8,99143,2
Avista,2025,8,99146,2
Avista,2025,8,99148,24
Avista,2025,8,99151,4
Avista,2025,8,99157,15
Avista,2025,8,99158,6
Avista,2025,8,99159,8
Avista,2025,8,99160,2
Avista,2025,8,99161,14
Avista,2025,8,99163,210
Avista,2025,8,99167,10
Avista,2025,8,99169,30
Avista,2025,8,99170,10
Avista,2025,8,99171,14
Avista,2025,8,99173,41
Avista,2025,8,99179,2
Avista,2025,8,99181,28
Avista,2025,8,99185,17
Avista,2025,8,99201,241
Avista,2025,8,99202,293
Avista,2025,8,99203,176
Avista,2025,8,99204,103
Avista,2025,8,99205,651
Avista,2025,8,99206,278
Avista,2025,8,99207,578
Avista,2025,8,99208,742
Avista,2025,8,99212,308
Avista,2025,8,99216,255
Avista,2025,8,99217,216
Avista,2025,8,99218,196
Avista,2025,8,99223,324
Avista,2025,8,99224,222
Avista,2025,8,99326,1
Avista,2025,8,99341,14
Avista,2025,8,99344,166
Avista,2025,8,99371,3
Avista,2025,8,99402,25
Avista,2025,8,99403,340
Avista,2025,9,98620,4
Avista,2025,9,98648,3
Avista,2025,9,99001,38
Avista,2025,9,99003,39
Avista,2025,9,99004,10
Avista,2025,9,99005,54
Avista,2025,9,99006,88
Avista,2025,9,99008,9
Avista,2025,9,99009,11
Avista,2025,9,99012,14
Avista,2025,9,99013,62
Avista,2025,9,99014,1
Avista,2025,9,99016,220
Avista,2025,9,99018,2
Avista,2025,9,99019,123
Avista,2025,9,99020,3
Avista,2025,9,99021,65
Avista,2025,9,99022,61
Avista,2025,9,99025,43
Avista,2025,9,99026,31
Avista,2025,9,99027,65
Avista,2025,9,99029,16
Avista,2025,9,99030,8
Avista,2025,9,99031,4
Avista,2025,9,99032,15
Avista,2025,9,99033,6
Avista,2025,9,99034,3
Avista,2025,9,99037,22
Avista,2025,9,99039,1
Avista,2025,9,99040,19
Avista,2025,9,99101,26
Avista,2025,9,99102,5
Avista,2025,9,99103,9
Avista,2025,9,99109,34
Avista,2025,9,99110,8
Avista,2025,9,99111,32
Avista,2025,9,99113,1
Avista,2025,9,99114,141
Avista,2025,9,99117,2
Avista,2025,9,99122,27
Avista,2025,9,99125,4
Avista,2025,9,99126,16
Avista,2025,9,99129,16
Avista,2025,9,99130,10
Avista,2025,9,99134,7
Avista,2025,9,99137,5
Avista,2025,9,99138,26
Avista,2025,9,99141,64
Avista,2025,9,99143,12
Avista,2025,9,99148,28
Avista,2025,9,99149,3
Avista,2025,9,99151,4
Avista,2025,9,99157,9
Avista,2025,9,99158,6
Avista,2025,9,99159,17
Avista,2025,9,99160,1
Avista,2025,9,99161,11
Avista,2025,9,99163,203
Avista,2025,9,99167,9
Avista,2025,9,99169,36
Avista,2025,9,99170,6
Avista,2025,9,99171,15
Avista,2025,9,99173,34
Avista,2025,9,99174,2
Avista,2025,9,99176,2
Avista,2025,9,99179,5
Avista,2025,9,99181,22
Avista,2025,9,99185,16
Avista,2025,9,99201,255
Avista,2025,9,99202,270
Avista,2025,9,99203,183
Avista,2025,9,99204,94
Avista,2025,9,99205,719
Avista,2025,9,99206,305
Avista,2025,9,99207,683
Avista,2025,9,99208,731
Avista,2025,9,99212,315
Avista,2025,9,99216,241
Avista,2025,9,99217,276
Avista,2025,9,99218,201
Avista,2025,9,99223,321
Avista,2025,9,99224,175
Avista,2025,9,99341,16
Avista,2025,9,99344,168
Avista,2025,9,99371,3
Avista,2025,9,99402,23
Avista,2025,9,99403,320
Avista,2025,10,98620,11
Avista,2025,10,98648,2
Avista,2025,10,98857,1
Avista,2025,10,99001,59
Avista,2025,10,99003,23
Avista,2025,10,99004,31
Avista,2025,10,99005,83
Avista,2025,10,99006,74
Avista,2025,10,99008,5
Avista,2025,10,99009,21
Avista,2025,10,99012,9
Avista,2025,10,99013,50
Avista,2025,10,99016,205
Avista,2025,10,99019,154
Avista,2025,10,99020,2
Avista,2025,10,99021,76
Avista,2025,10,99022,75
Avista,2025,10,99025,51
Avista,2025,10,99026,19
Avista,2025,10,99027,68
Avista,2025,10,99029,10
Avista,2025,10,99030,12
Avista,2025,10,99031,9
Avista,2025,10,99032,15
Avista,2025,10,99033,14
Avista,2025,10,99034,3
Avista,2025,10,99036,1
Avista,2025,10,99037,15
Avista,2025,10,99039,1
Avista,2025,10,99040,48
Avista,2025,10,99101,25
Avista,2025,10,99102,4
Avista,2025,10,99103,6
Avista,2025,10,99109,42
Avista,2025,10,99110,6
Avista,2025,10,99111,44
Avista,2025,10,99113,2
Avista,2025,10,99114,147
Avista,2025,10,99117,1
Avista,2025,10,99122,30
Avista,2025,10,99125,4
Avista,2025,10,99126,16
Avista,2025,10,99128,1
Avista,2025,10,99129,14
Avista,2025,10,99130,8
Avista,2025,10,99131,2
Avista,2025,10,99134,6
Avista,2025,10,99137,4
Avista,2025,10,99138,24
Avista,2025,10,99141,56
Avista,2025,10,99143,6
Avista,2025,10,99146,2
Avista,2025,10,99148,44
Avista,2025,10,99151,3
Avista,2025,10,99157,15
Avista,2025,10,99158,6
Avista,2025,10,99159,5
Avista,2025,10,99160,2
Avista,2025,10,99161,12
Avista,2025,10,99163,276
Avista,2025,10,99164,1
Avista,2025,10,99167,5
Avista,2025,10,99169,24
Avista,2025,10,99170,11
Avista,2025,10,99171,8
Avista,2025,10,99173,37
Avista,2025,10,99174,1
Avista,2025,10,99179,7
Avista,2025,10,99181,36
Avista,2025,10,99185,16
Avista,2025,10,99201,251
Avista,2025,10,99202,379
Avista,2025,10,99203,199
Avista,2025,10,99204,120
Avista,2025,10,99205,725
Avista,2025,10,99206,275
Avista,2025,10,99207,611
Avista,2025,10,99208,840
Avista,2025,10,99212,320
Avista,2025,10,99216,232
Avista,2025,10,99217,292
Avista,2025,10,99218,224
Avista,2025,10,99223,373
Avista,2025,10,99224,248
Avista,2025,10,99341,15
Avista,2025,10,99344,162
Avista,2025,10,99371,4
Avista,2025,10,99402,15
Avista,2025,10,99403,224
Avista,2025,11,98620,2
Avista,2025,11,98648,1
Avista,2025,11,98857,1
Avista,2025,11,99001,45
Avista,2025,11,99003,21
Avista,2025,11,99004,2
Avista,2025,11,99005,44
Avista,2025,11,99006,70
Avista,2025,11,99008,10
Avista,2025,11,99009,11
Avista,2025,11,99012,10
Avista,2025,11,99013,19
Avista,2025,11,99016,176
Avista,2025,11,99018,3
Avista,2025,11,99019,74
Avista,2025,11,99021,56
Avista,2025,11,99022,28
Avista,2025,11,99025,26
Avista,2025,11,99026,16
Avista,2025,11,99027,64
Avista,2025,11,99029,17
Avista,2025,11,99030,4
Avista,2025,11,99031,9
Avista,2025,11,99032,6
Avista,2025,11,99033,3
Avista,2025,11,99034,4
Avista,2025,11,99037,24
Avista,2025,11,99040,12
Avista,2025,11,99101,13
Avista,2025,11,99102,10
Avista,2025,11,99103,4
Avista,2025,11,99109,28
Avista,2025,11,99110,6
Avista,2025,11,99111,14
Avista,2025,11,99113,3
Avista,2025,11,99114,97
Avista,2025,11,99117,2
Avista,2025,11,99122,22
Avista,2025,11,99125,5
Avista,2025,11,99126,11
Avista,2025,11,99128,3
Avista,2025,11,99129,12
Avista,2025,11,99130,9
Avista,2025,11,99131,1
Avista,2025,11,99134,8
Avista,2025,11,99137,6
Avista,2025,11,99138,31
Avista,2025,11,99141,42
Avista,2025,11,99143,4
Avista,2025,11,99148,23
Avista,2025,11,99149,2
Avista,2025,11,99151,2
Avista,2025,11,99157,11
Avista,2025,11,99158,5
Avista,2025,11,99159,8
Avista,2025,11,99161,10
Avista,2025,11,99163,222
Avista,2025,11,99164,1
Avista,2025,11,99167,12
Avista,2025,11,99169,15
Avista,2025,11,99170,8
Avista,2025,11,99171,7
Avista,2025,11,99173,32
Avista,2025,11,99179,2
Avista,2025,11,99181,23
Avista,2025,11,99185,13
Avista,2025,11,99201,215
Avista,2025,11,99202,174
Avista,2025,11,99203,138
Avista,2025,11,99204,74
Avista,2025,11,99205,501
Avista,2025,11,99206,246
Avista,2025,11,99207,466
Avista,2025,11,99208,544
Avista,2025,11,99212,244
Avista,2025,11,99216,207
Avista,2025,11,99217,154
Avista,2025,11,99218,140
Avista,2025,11,99223,289
Avista,2025,11,99224,151
Avista,2025,11,99326,3
Avista,2025,11,99341,7
Avista,2025,11,99344,79
Avista,2025,11,99371,4
Avista,2025,11,99402,1
Avista,2025,11,99403,172
Avista,2025,12,98620,9
Avista,2025,12,98648,2
Avista,2025,12,99001,73
Avista,2025,12,99003,32
Avista,2025,12,99004,45
Avista,2025,12,99005,69
Avista,2025,12,99006,112
Avista,2025,12,99008,8
Avista,2025,12,99009,15
Avista,2025,12,99012,21
Avista,2025,12,99013,45
Avista,2025,12,99014,2
Avista,2025,12,99016,218
Avista,2025,12,99018,5
Avista,2025,12,99019,121
Avista,2025,12,99020,2
Avista,2025,12,99021,82
Avista,2025,12,99022,104
Avista,2025,12,99023,2
Avista,2025,12,99025,29
Avista,2025,12,99026,40
Avista,2025,12,99027,89
Avista,2025,12,99029,37
Avista,2025,12,99030,19
Avista,2025,12,99031,9
Avista,2025,12,99032,15
Avista,2025,12,99033,15
Avista,2025,12,99034,2
Avista,2025,12,99037,30
Avista,2025,12,99039,4
Avista,2025,12,99040,35
Avista,2025,12,99101,24
Avista,2025,12,99102,6
Avista,2025,12,99103,7
Avista,2025,12,99109,53
Avista,2025,12,99110,5
Avista,2025,12,99111,49
Avista,2025,12,99113,2
Avista,2025,12,99114,186
Avista,2025,12,99117,5
Avista,2025,12,99122,42
Avista,2025,12,99125,5
Avista,2025,12,99126,17
Avista,2025,12,99128,3
Avista,2025,12,99129,23
Avista,2025,12,99130,10
Avista,2025,12,99131,1
Avista,2025,12,99134,5
Avista,2025,12,99137,4
Avista,2025,12,99138,32
Avista,2025,12,99141,82
Avista,2025,12,99143,4
Avista,2025,12,99146,3
Avista,2025,12,99148,39
Avista,2025,12,99149,1
Avista,2025,12,99151,6
Avista,2025,12,99157,13
Avista,2025,12,99158,7
Avista,2025,12,99159,10
Avista,2025,12,99160,4
Avista,2025,12,99161,20
Avista,2025,12,99163,367
Avista,2025,12,99167,7
Avista,2025,12,99169,54
Avista,2025,12,99170,13
Avista,2025,12,99171,7
Avista,2025,12,99173,46
Avista,2025,12,99174,2
Avista,2025,12,99176,2
Avista,2025,12,99179,4
Avista,2025,12,99181,39
Avista,2025,12,99185,15
Avista,2025,12,99201,343
Avista,2025,12,99202,405
Avista,2025,12,99203,232
Avista,2025,12,99204,180
Avista,2025,12,99205,760
Avista,2025,12,99206,312
Avista,2025,12,99207,740
Avista,2025,12,99208,779
Avista,2025,12,99212,351
Avista,2025,12,99216,274
Avista,2025,12,99217,299
Avista,2025,12,99218,183
Avista,2025,12,99223,373
Avista,2025,12,99224,260
Avista,2025,12,99326,1
Avista,2025,12,99341,13
Avista,2025,12,99344,163
Avista,2025,12,99371,6
Avista,2025,12,99402,43
Avista,2025,12,99403,294
