Utility,Year,Month,Zip Code,Uncollectible Arrearage Amount
Avista,2025,5,99169,5304.57
Avista,2025,8,99341,981.04
Avista,2025,3,99403,15688.75
Avista,2025,6,99181,12275.53
Avista,2025,8,99009,5546.28
Avista,2025,2,99006,3091.64
Avista,2025,1,99208,40774.76
Avista,2025,6,99344,8740.64
Avista,2025,6,99008,1488.96
Avista,2025,9,99101,2025.28
Avista,2025,5,99117,0.0
Avista,2025,5,99217,20250.48
Avista,2025,3,99205,39988.99
Avista,2025,1,98620,289.68
Avista,2025,1,99159,552.26
Avista,2025,4,99110,2646.8
Avista,2025,7,99001,9239.74
Avista,2025,2,99114,3523.78
Avista,2025,9,99204,11815.31
Avista,2025,5,99016,8456.47
Avista,2025,4,99019,4381.77
Avista,2025,9,99169,3752.9
Avista,2025,2,99224,9257.29
Avista,2025,9,99006,7473.67
Avista,2025,8,99134,2554.06
Avista,2025,2,99201,13706.27
Avista,2025,1,99202,16468.76
Avista,2025,3,99402,2797.9
Avista,2025,6,98620,951.88
Avista,2025,9,99001,3060.43
Avista,2025,1,99201,14867.28
Avista,2025,3,99202,22466.64
Avista,2025,2,99170,266.81
Avista,2025,5,99004,1485.98
Avista,2025,3,99019,4692.95
Avista,2025,6,99025,6109.21
Avista,2025,1,99021,424.5
Avista,2025,4,99201,34274.8
Avista,2025,7,99167,543.3
Avista,2025,9,99138,2052.13
Avista,2025,7,99021,7762.36
Avista,2025,4,99001,3321.21
Avista,2025,1,99167,27.17
Avista,2025,5,99019,4600.97
Avista,2025,6,99179,546.57
Avista,2025,1,99037,612.36
Avista,2025,2,99163,11962.69
Avista,2025,3,99212,23597.8
Avista,2025,6,99029,4238.47
Avista,2025,3,99163,18368.05
Avista,2025,9,99013,19592.36
Avista,2025,9,99008,588.27
Avista,2025,8,99203,14273.22
Avista,2025,4,99204,12766.84
Avista,2025,7,99181,2933.37
Avista,2025,7,99012,3227.38
Avista,2025,7,99005,3886.19
Avista,2025,3,99029,1990.7
Avista,2025,7,99402,1382.28
Avista,2025,9,99160,321.21
Avista,2025,4,99163,33648.76
Avista,2025,7,99004,2927.56
Avista,2025,7,99122,810.35
Avista,2025,2,99040,2226.03
Avista,2025,6,99201,45774.65
Avista,2025,8,99033,1734.4
Avista,2025,6,99138,2545.53
Avista,2025,5,99170,950.52
Avista,2025,7,99204,24975.27
Avista,2025,7,99179,526.74
Avista,2025,1,99218,7982.16
Avista,2025,3,99206,10043.9
Avista,2025,6,99013,1918.32
Avista,2025,3,99113,820.01
Avista,2025,8,99117,477.54
Avista,2025,4,99216,18104.3
Avista,2025,7,99031,1837.22
Avista,2025,2,99207,24934.22
Avista,2025,5,99021,4529.65
Avista,2025,5,99022,5569.28
Avista,2025,4,99111,1418.54
Avista,2025,1,99169,1765.88
Avista,2025,8,99027,1443.05
Avista,2025,9,99012,932.64
Avista,2025,5,99224,13506.09
Avista,2025,1,99163,12689.84
Avista,2025,6,99030,600.29
Avista,2025,9,99102,263.16
Avista,2025,6,99122,4327.56
Avista,2025,6,99159,2195.8
Avista,2025,5,99206,12305.73
Avista,2025,4,99202,29455.56
Avista,2025,8,99208,44737.42
Avista,2025,4,99148,1409.13
Avista,2025,5,99032,1097.46
Avista,2025,2,99216,8411.82
Avista,2025,2,99022,1058.95
Avista,2025,9,99019,5133.29
Avista,2025,8,99157,3400.27
Avista,2025,8,99006,5131.95
Avista,2025,9,99005,1938.58
Avista,2025,4,99371,659.74
Avista,2025,8,99206,20173.67
Avista,2025,6,99021,20515.54
Avista,2025,3,98648,378.37
Avista,2025,9,99170,1701.5
Avista,2025,9,99216,16745.04
Avista,2025,7,99202,40455.94
Avista,2025,7,99027,7181.4
Avista,2025,1,99141,4986.51
Avista,2025,2,99008,4441.29
Avista,2025,9,99113,1306.96
Avista,2025,3,99001,5282.54
Avista,2025,2,99110,184.95
Avista,2025,7,99223,29641.68
Avista,2025,3,99022,1850.18
Avista,2025,7,99163,36550.66
Avista,2025,4,99109,1872.25
Avista,2025,5,99003,1893.62
Avista,2025,3,99025,957.35
Avista,2025,9,99021,1774.41
Avista,2025,1,99022,11217.57
Avista,2025,4,99341,2446.84
Avista,2025,9,99009,242.63
Avista,2025,9,99117,3207.82
Avista,2025,8,99137,418.73
Avista,2025,4,99009,532.65
Avista,2025,1,99203,4844.1
Avista,2025,4,99208,39585.07
Avista,2025,6,99126,1763.44
Avista,2025,2,99013,3030.37
Avista,2025,9,98620,1179.55
Avista,2025,3,99004,881.42
Avista,2025,9,99202,20362.08
Avista,2025,4,99402,2737.37
Avista,2025,6,99203,17458.56
Avista,2025,7,99206,35112.09
Avista,2025,6,99216,21016.15
Avista,2025,6,99016,23416.81
Avista,2025,8,99212,24107.29
Avista,2025,9,99203,3509.66
Avista,2025,4,99169,2583.43
Avista,2025,2,99019,2040.75
Avista,2025,4,99160,1236.12
Avista,2025,1,99207,30769.77
Avista,2025,4,99117,708.15
Avista,2025,5,99185,244.26
Avista,2025,7,99117,1909.95
Avista,2025,9,99040,400.0
Avista,2025,7,99201,34965.69
Avista,2025,5,98648,102.09
Avista,2025,1,99204,5812.67
Avista,2025,8,99148,987.23
Avista,2025,4,99005,4358.24
Avista,2025,7,99173,7189.74
Avista,2025,9,99029,526.87
Avista,2025,9,99003,311.51
Avista,2025,2,99141,1485.26
Avista,2025,1,99025,1017.41
Avista,2025,4,99223,19026.57
Avista,2025,7,99008,250.0
Avista,2025,5,99218,11623.37
Avista,2025,3,99114,6705.02
Avista,2025,2,99212,9000.86
Avista,2025,9,99218,16106.31
Avista,2025,6,99208,83641.51
Avista,2025,3,99006,4275.66
Avista,2025,8,98620,581.03
Avista,2025,1,99223,11935.22
Avista,2025,7,99019,8366.81
Avista,2025,8,99126,264.81
Avista,2025,9,99111,231.87
Avista,2025,5,99101,753.88
Avista,2025,9,99037,1256.39
Avista,2025,6,99149,332.76
Avista,2025,5,99148,699.25
Avista,2025,7,99138,3091.03
Avista,2025,3,99126,1006.81
Avista,2025,2,99009,1583.62
Avista,2025,9,99126,5547.77
Avista,2025,3,99109,244.98
Avista,2025,4,99207,53614.85
Avista,2025,7,99212,31813.42
Avista,2025,6,99037,8006.89
Avista,2025,6,99009,2011.0
Avista,2025,6,99032,1678.91
Avista,2025,5,99157,2444.76
Avista,2025,8,99012,495.31
Avista,2025,8,99019,1751.37
Avista,2025,9,99208,51518.32
Avista,2025,5,99201,18966.79
Avista,2025,2,99208,25239.48
Avista,2025,3,99161,413.79
Avista,2025,8,99001,5238.48
Avista,2025,1,99185,149.26
Avista,2025,3,99117,653.39
Avista,2025,3,99169,1312.18
Avista,2025,9,99402,928.25
Avista,2025,6,99109,4128.1
Avista,2025,6,99129,5332.41
Avista,2025,4,99021,3669.54
Avista,2025,2,99403,10716.9
Avista,2025,1,99101,542.97
Avista,2025,1,99027,652.58
Avista,2025,1,99030,134.21
Avista,2025,2,99016,3574.27
Avista,2025,8,99344,15230.49
Avista,2025,8,99138,337.1
Avista,2025,9,99148,360.75
Avista,2025,3,99101,1123.48
Avista,2025,6,99019,4061.55
Avista,2025,7,99344,12086.88
Avista,2025,8,99101,989.74
Avista,2025,6,99001,6283.4
Avista,2025,6,99110,605.0
Avista,2025,2,99005,1749.18
Avista,2025,8,99170,1091.88
Avista,2025,9,99185,3462.07
Avista,2025,1,99161,233.67
Avista,2025,1,99217,15935.03
Avista,2025,5,99025,373.42
Avista,2025,2,99203,4797.72
Avista,2025,8,99021,3167.05
Avista,2025,7,99217,24108.48
Avista,2025,2,99034,8089.7
Avista,2025,6,99169,10464.46
Avista,2025,9,99030,896.93
Avista,2025,3,99009,909.07
Avista,2025,3,99217,25782.31
Avista,2025,7,99030,1152.96
Avista,2025,1,99137,32.88
Avista,2025,5,99204,8643.53
Avista,2025,7,99158,789.45
Avista,2025,6,99130,908.4
Avista,2025,7,99025,452.16
Avista,2025,6,99217,44349.75
Avista,2025,5,99207,54694.28
Avista,2025,7,99216,25082.33
Avista,2025,6,99171,739.5
Avista,2025,3,99216,10740.48
Avista,2025,1,99148,134.13
Avista,2025,6,99185,108.25
Avista,2025,9,99027,6209.22
Avista,2025,7,99111,3171.15
Avista,2025,8,99403,14549.59
Avista,2025,4,99138,1176.41
Avista,2025,5,99159,310.21
Avista,2025,4,99206,17040.54
Avista,2025,7,99185,1058.06
Avista,2025,3,99003,1269.42
Avista,2025,8,99159,2783.3
Avista,2025,1,99212,15579.33
Avista,2025,7,99203,14229.35
Avista,2025,6,99167,1373.17
Avista,2025,3,99208,36254.56
Avista,2025,2,99173,2309.69
Avista,2025,7,99371,365.76
Avista,2025,8,99109,12928.22
Avista,2025,5,99181,1604.83
Avista,2025,8,99181,1000.74
Avista,2025,3,99157,438.85
Avista,2025,4,99003,2565.63
Avista,2025,6,99402,1817.1
Avista,2025,1,99402,1470.26
Avista,2025,1,99206,9104.15
Avista,2025,2,98620,269.13
Avista,2025,2,99402,1600.72
Avista,2025,5,99109,699.6
Avista,2025,9,99163,27633.0
Avista,2025,1,99040,389.34
Avista,2025,9,99224,19606.14
Avista,2025,8,99130,653.53
Avista,2025,8,99160,225.99
Avista,2025,1,99019,2465.13
Avista,2025,6,99033,2301.07
Avista,2025,7,99029,2567.68
Avista,2025,2,99159,437.36
Avista,2025,3,99181,2123.63
Avista,2025,9,99344,8101.74
Avista,2025,8,99128,164.52
Avista,2025,4,99126,671.91
Avista,2025,8,99016,12708.34
Avista,2025,8,99004,4041.49
Avista,2025,6,99027,6642.58
Avista,2025,4,99205,26716.78
Avista,2025,3,99013,2291.74
Avista,2025,7,99022,3159.21
Avista,2025,3,99204,8613.27
Avista,2025,5,99009,2047.81
Avista,2025,3,99141,3372.79
Avista,2025,6,99134,965.09
Avista,2025,1,99110,753.84
Avista,2025,9,99207,39144.88
Avista,2025,1,99130,852.59
Avista,2025,9,99114,16884.62
Avista,2025,8,99143,689.0
Avista,2025,3,99016,5742.33
Avista,2025,4,99026,322.33
Avista,2025,6,99031,7364.49
Avista,2025,2,99025,585.35
Avista,2025,5,99012,415.96
Avista,2025,8,99169,1251.32
Avista,2025,4,99157,40.06
Avista,2025,9,99181,293.81
Avista,2025,8,99129,782.6
Avista,2025,7,99208,55326.19
Avista,2025,8,99111,1917.66
Avista,2025,3,99021,4330.55
Avista,2025,6,99158,28.09
Avista,2025,6,99148,2881.31
Avista,2025,5,99114,12721.53
Avista,2025,6,99326,148.43
Avista,2025,8,99013,342.16
Avista,2025,6,99341,2006.31
Avista,2025,6,99012,411.45
Avista,2025,7,98648,1052.46
Avista,2025,8,99171,337.62
Avista,2025,6,99206,27024.2
Avista,2025,2,99205,15396.8
Avista,2025,4,99170,410.34
Avista,2025,9,99016,18348.59
Avista,2025,6,99006,15447.57
Avista,2025,6,99163,34524.31
Avista,2025,4,99224,19008.38
Avista,2025,7,99109,4626.69
Avista,2025,2,99134,132.06
Avista,2025,4,99029,1516.14
Avista,2025,5,99203,13525.2
Avista,2025,9,99004,2035.68
Avista,2025,8,99032,967.21
Avista,2025,3,99012,3309.68
Avista,2025,9,99159,339.78
Avista,2025,1,99111,474.4
Avista,2025,2,99021,2171.84
Avista,2025,4,99018,543.87
Avista,2025,2,99204,4373.19
Avista,2025,1,99114,4093.67
Avista,2025,9,99161,935.05
Avista,2025,5,99027,3855.97
Avista,2025,5,99111,381.73
Avista,2025,8,99202,21028.05
Avista,2025,7,99114,16663.71
Avista,2025,4,99013,4282.26
Avista,2025,8,99003,3384.54
Avista,2025,3,99027,1790.93
Avista,2025,3,99223,17445.17
Avista,2025,5,99122,1747.77
Avista,2025,1,99205,27998.35
Avista,2025,7,99040,1286.94
Avista,2025,5,99403,14093.18
Avista,2025,7,99026,752.3
Avista,2025,1,99122,974.01
Avista,2025,1,99344,4673.2
Avista,2025,5,99033,604.51
Avista,2025,8,99201,23352.39
Avista,2025,6,99157,2873.22
Avista,2025,4,99159,985.7
Avista,2025,9,99157,578.84
Avista,2025,7,99006,7023.29
Avista,2025,4,99031,249.1
Avista,2025,5,99223,14518.42
Avista,2025,4,98648,37.17
Avista,2025,4,99185,3247.0
Avista,2025,8,99173,2212.06
Avista,2025,5,99173,6374.3
Avista,2025,7,99224,22208.68
Avista,2025,5,99005,1303.35
Avista,2025,3,98620,248.23
Avista,2025,5,99216,10434.48
Avista,2025,1,99129,936.48
Avista,2025,5,99037,2525.71
Avista,2025,4,99218,13982.72
Avista,2025,1,99012,164.4
Avista,2025,1,99029,1613.07
Avista,2025,2,99148,3602.39
Avista,2025,3,99032,419.44
Avista,2025,9,99205,37307.98
Avista,2025,3,99344,7893.97
Avista,2025,9,99025,1102.99
Avista,2025,7,99102,2416.15
Avista,2025,9,99403,15103.46
Avista,2025,3,99110,4875.18
Avista,2025,6,99161,463.16
Avista,2025,5,99163,17858.71
Avista,2025,4,99025,686.45
Avista,2025,7,99141,10351.65
Avista,2025,2,99344,5172.89
Avista,2025,2,99160,554.27
Avista,2025,4,99016,9645.81
Avista,2025,7,99003,1456.19
Avista,2025,7,99103,3644.49
Avista,2025,1,99403,17814.52
Avista,2025,5,99129,6.39
Avista,2025,3,99122,357.06
Avista,2025,1,99013,156.3
Avista,2025,2,99029,294.44
Avista,2025,4,99137,995.48
Avista,2025,2,99026,249.2
Avista,2025,4,99022,7151.96
Avista,2025,2,99129,469.85
Avista,2025,4,99114,4152.71
Avista,2025,3,99341,1246.7
Avista,2025,3,99159,638.22
Avista,2025,6,98648,428.13
Avista,2025,6,99207,100668.12
Avista,2025,8,99122,5266.88
Avista,2025,4,99030,820.5
Avista,2025,7,99170,1011.47
Avista,2025,8,99204,11367.89
Avista,2025,6,99151,1478.32
Avista,2025,1,99170,327.02
Avista,2025,5,99040,2602.16
Avista,2025,5,99208,52197.56
Avista,2025,5,99029,3615.83
Avista,2025,1,99138,1038.44
Avista,2025,3,99201,19562.39
Avista,2025,6,99223,27078.19
Avista,2025,1,99181,424.64
Avista,2025,3,99030,942.87
Avista,2025,9,99173,1125.67
Avista,2025,1,99173,351.24
Avista,2025,7,99341,1281.43
Avista,2025,8,99205,49274.8
Avista,2025,4,99181,2652.19
Avista,2025,8,99025,1208.39
Avista,2025,6,99141,2427.83
Avista,2025,4,98620,1524.24
Avista,2025,9,99103,27.33
Avista,2025,6,99101,3941.75
Avista,2025,5,99138,1281.82
Avista,2025,3,99218,8262.95
Avista,2025,8,99217,18393.3
Avista,2025,6,99102,313.13
Avista,2025,8,99163,36492.35
Avista,2025,1,99001,1088.72
Avista,2025,1,99216,11508.75
Avista,2025,6,99224,29227.09
Avista,2025,2,99004,440.39
Avista,2025,9,99129,3796.77
Avista,2025,8,99224,18344.96
Avista,2025,1,99003,1405.68
Avista,2025,4,99039,263.18
Avista,2025,9,99032,438.22
Avista,2025,4,99101,1436.11
Avista,2025,7,99134,83.2
Avista,2025,4,99403,29198.55
Avista,2025,9,99341,988.74
Avista,2025,8,99110,736.21
Avista,2025,8,99216,19942.11
Avista,2025,7,99009,1740.42
Avista,2025,9,99026,230.49
Avista,2025,5,99141,7126.67
Avista,2025,9,99033,287.65
Avista,2025,9,99212,27735.61
Avista,2025,5,99013,543.12
Avista,2025,2,99218,5399.44
Avista,2025,5,99026,1425.67
Avista,2025,2,99341,90.25
Avista,2025,1,99005,3763.57
Avista,2025,2,99001,2910.67
Avista,2025,4,99344,13052.52
Avista,2025,8,99040,1476.91
Avista,2025,5,99030,1836.56
Avista,2025,4,99033,2365.62
Avista,2025,2,99126,33.42
Avista,2025,8,99402,715.79
Avista,2025,6,99205,62200.28
Avista,2025,7,99110,888.84
Avista,2025,9,99141,1992.73
Avista,2025,6,99003,1002.89
Avista,2025,5,99212,15235.14
Avista,2025,9,99022,5043.5
Avista,2025,1,99009,933.62
Avista,2025,4,99032,730.64
Avista,2025,2,99223,13292.05
Avista,2025,7,99159,2110.78
Avista,2025,6,99114,14437.02
Avista,2025,5,99402,2075.2
Avista,2025,7,99148,5558.2
Avista,2025,9,99206,19390.36
Avista,2025,7,99157,598.23
Avista,2025,7,99207,81090.44
Avista,2025,1,99016,7555.78
Avista,2025,9,99122,3999.42
Avista,2025,7,99013,4499.06
Avista,2025,8,99146,46.72
Avista,2025,4,99203,5674.32
Avista,2025,9,99167,36.41
Avista,2025,7,99101,1413.33
Avista,2025,5,98620,815.53
Avista,2025,4,99004,2451.61
Avista,2025,9,99171,11.62
Avista,2025,3,99185,108.66
Avista,2025,8,99026,3773.3
Avista,2025,4,99129,1834.8
Avista,2025,5,99001,4116.69
Avista,2025,6,99004,5851.3
Avista,2025,4,99217,17672.63
Avista,2025,5,99006,6073.14
Avista,2025,2,99202,14408.98
Avista,2025,3,99224,11774.62
Avista,2025,1,99004,1092.64
Avista,2025,8,99371,690.0
Avista,2025,4,99027,1763.52
Avista,2025,1,99006,1984.4
Avista,2025,8,99161,1545.13
Avista,2025,3,99167,648.15
Avista,2025,8,99223,17719.02
Avista,2025,7,99016,17373.85
Avista,2025,4,99130,968.63
Avista,2025,5,99205,41682.93
Avista,2025,2,99102,317.03
Avista,2025,5,99110,47.45
Avista,2025,8,99030,38.73
Avista,2025,7,99218,14451.03
Avista,2025,6,99026,1729.17
Avista,2025,2,99033,1152.46
Avista,2025,3,99037,1896.45
Avista,2025,4,99125,189.27
Avista,2025,1,99224,7006.51
Avista,2025,3,99034,74.39
Avista,2025,3,99005,3182.39
Avista,2025,4,99161,1007.19
Avista,2025,3,99173,2341.39
Avista,2025,7,99169,2775.68
Avista,2025,7,98620,1267.62
Avista,2025,5,99341,675.49
Avista,2025,8,99218,16561.03
Avista,2025,4,99037,688.71
Avista,2025,5,99158,179.86
Avista,2025,6,99111,4513.96
Avista,2025,5,99344,12058.76
Avista,2025,3,99102,346.81
Avista,2025,5,99202,28272.7
Avista,2025,8,99037,2803.0
Avista,2025,6,99204,23267.69
Avista,2025,7,99126,820.41
Avista,2025,4,99006,2026.52
Avista,2025,2,99122,489.36
Avista,2025,7,99037,3033.07
Avista,2025,8,99103,415.97
Avista,2025,6,99117,1632.61
Avista,2025,9,99201,25904.89
Avista,2025,2,99109,150.16
Avista,2025,6,99218,19058.58
Avista,2025,9,99223,23056.16
Avista,2025,6,99005,2681.23
Avista,2025,8,99022,10274.82
Avista,2025,3,99138,1308.91
Avista,2025,8,99207,55984.42
Avista,2025,6,99212,40427.07
Avista,2025,4,99173,322.62
Avista,2025,9,99217,11195.0
Avista,2025,2,99169,1389.39
Avista,2025,8,99114,3463.41
Avista,2025,2,99027,2186.21
Avista,2025,6,99403,22290.78
Avista,2025,8,99029,2761.31
Avista,2025,9,99109,1659.02
Avista,2025,2,99206,8156.64
Avista,2025,7,99205,60379.21
Avista,2025,8,99005,1912.54
Avista,2025,7,99403,25791.58
Avista,2025,2,99037,844.24
Avista,2025,8,99141,1681.34
Avista,2025,2,99217,10118.43
Avista,2025,2,99003,2721.71
Avista,2025,1,99157,407.53
Avista,2025,3,99207,56144.21
Avista,2025,9,99110,1043.87
Avista,2025,6,99022,8026.82
Avista,2025,3,99111,924.48
Avista,2025,3,99203,6746.51
Avista,2025,5,99149,1229.78
Avista,2025,1,99032,2088.62
Avista,2025,6,99202,37487.81
Avista,2025,5,99031,1171.22
Avista,2025,6,99173,4440.92
Avista,2025,4,99212,27269.37
Avista,2025,4,99141,3226.24
